rank,name,speed,spin,control,tackiness,weight,hardness,gears,throw_angle,consistency,durable,overall,ratings,price
1,Nittaku Hammond Z2,9.3,9.3,9.2,2.2,3.6,6.9,8.6,6.9,9.5,8.4,9.5,74,59.0
2,Donic BlueStar A1,9.5,9.5,8.9,2.5,6.8,9.7,9.3,6.1,9.4,8.2,9.5,20,65.0
3,Donic Bluestorm Pro AM,9.1,9.5,9.2,1.5,5.3,6.9,9.4,5.6,9.2,7.9,9.5,14,60.0
4,Victas V>22 Double Extra,9.2,9.5,9.5,2.9,5.4,6.9,8.0,5.6,9.3,6.4,9.5,34,42.0
5,Tibhar Hybrid K1 European Version,9.1,9.5,9.2,5.5,5.2,7.9,9.0,6.0,9.6,8.4,9.5,18,37.0
6,Andro Rasanter R45,9.0,9.3,9.2,0.7,4.8,4.5,6.6,5.6,8.6,7.1,9.5,22,50.0
7,Donic Bluefire M1 Turbo,9.5,9.4,8.5,2.6,6.3,7.8,9.1,6.3,9.4,7.4,9.5,32,50.0
8,Andro Rasanter C48,8.8,9.4,9.3,4.0,5.0,6.4,8.4,6.3,9.6,6.5,9.5,16,67.0
9,Tibhar Hybrid MK,8.9,9.2,9.4,2.0,3.8,6.4,8.8,6.0,10.0,6.0,9.5,23,49.0
10,Donic Acuda Blue P2,9.0,9.4,9.1,2.8,4.0,4.4,8.2,4.5,9.1,7.3,9.5,57,54.0
11,Yasaka Rakza 9,9.4,9.3,8.9,2.3,4.6,6.3,8.9,4.3,9.3,8.7,9.4,77,53.0
12,DHS Hurricane 3 National (Blue Sponge),9.3,9.6,9.1,8.5,6.2,8.0,9.3,5.7,9.2,8.3,9.4,55,92.0
13,Victas V > 20 Double Extra,9.1,9.5,8.9,1.7,6.0,7.6,9.1,6.4,10.0,6.5,9.4,12,55.0
14,Yasaka Rakza Z Extra Hard,9.1,9.4,9.0,6.8,7.9,9.6,8.6,5.6,9.8,8.2,9.4,27,50.0
15,Yasaka Rakza Z,8.7,9.5,9.2,6.5,6.7,7.7,8.6,6.4,9.4,8.3,9.4,65,43.0
16,Tibhar 1Q XD,9.4,9.1,8.3,3.5,6.0,7.4,8.6,6.0,9.4,8.2,9.4,22,55.0
17,JOOLA Rhyzm-P,9.2,9.4,9.3,2.3,4.4,5.9,8.8,5.5,9.6,8.6,9.4,48,42.0
18,Tibhar Evolution MX-S,9.2,9.5,9.1,2.4,6.6,7.6,9.0,5.1,9.2,7.5,9.4,106,40.0
19,Gewo NanoFlex FT48,9.4,9.4,9.1,1.0,4.9,6.7,8.8,5.3,9.2,8.1,9.4,26,34.0
20,Xiom Omega V Asia,9.4,9.5,9.1,2.1,5.8,7.7,9.1,6.1,9.7,8.7,9.4,45,40.0
21,Andro Hexer Powergrip,9.2,9.3,9.2,1.1,5.3,6.9,8.9,5.8,9.8,8.3,9.4,44,51.0
22,JOOLA Dynaryz AGR,9.3,9.4,9.0,1.6,5.1,6.9,7.4,5.5,8.9,7.3,9.4,26,64.95
23,Andro Rasant,9.2,9.3,9.0,2.1,5.2,5.5,8.9,5.6,9.5,8.4,9.4,147,57.0
24,Gewo Flexxon,9.2,9.4,9.2,2.5,4.8,6.8,8.2,4.3,9.4,8.2,9.4,25,58.0
25,Adidas P7,8.8,9.5,9.1,2.1,4.4,6.5,9.0,6.1,9.5,8.4,9.4,82,50.0
26,Andro Rasanter R50,9.4,9.4,8.7,1.6,6.4,8.4,9.1,5.8,9.3,8.3,9.4,41,73.0
27,Yasaka Valmo,9.2,9.2,8.9,1.8,4.7,6.2,8.7,4.5,9.2,9.1,9.4,27,46.0
28,Butterfly Tenergy 25 FX,9.1,9.2,8.9,2.7,4.4,4.1,9.0,4.8,9.6,8.4,9.4,37,62.0
29,Victas VJ > 07 Stiff,9.0,9.3,9.3,0.4,4.2,5.0,8.5,4.4,9.4,8.8,9.4,10,45.0
30,Xiom Omega IV Asia,9.2,9.0,8.8,2.3,4.5,7.2,8.8,5.4,9.6,7.9,9.4,48,49.0
31,Tibhar Nianmor,9.3,9.2,8.1,2.8,5.0,7.3,9.0,5.2,8.6,8.3,9.4,47,80.0
32,TSP Super Ventus,9.2,9.5,9.4,1.4,5.8,6.8,9.4,5.2,9.5,9.0,9.4,58,34.0
33,JOOLA MAXXX-P,9.1,9.3,9.4,2.1,4.2,5.0,8.3,4.8,8.9,8.7,9.4,29,46.0
34,Andro Rasant Grip,9.1,9.4,9.1,2.4,5.6,5.5,8.7,4.9,9.5,8.3,9.4,124,53.0
35,Tibhar Genius Sound,8.7,9.5,8.9,2.7,3.4,2.7,7.5,6.1,9.4,7.4,9.4,59,46.0
36,DHS NEO Hurricane 3 National (Blue Sponge),9.1,9.4,9.2,7.7,6.6,7.8,9.2,6.1,8.9,7.4,9.4,36,100.0
37,Andro Rasant PowerGrip,9.4,9.3,9.0,2.1,6.6,7.9,8.9,5.6,9.6,8.0,9.4,64,35.0
38,Victas V > 01 Limber,8.7,9.4,9.4,1.4,3.5,3.6,8.5,4.9,9.6,8.1,9.4,48,32.0
39,TSP Ventus Spin,8.8,9.4,9.3,1.4,2.8,3.2,8.3,6.2,9.7,8.2,9.4,53,48.0
40,Butterfly Tenergy 80,9.3,9.4,9.0,2.1,5.5,5.4,9.0,5.9,9.2,7.7,9.4,119,65.0
41,Victas Ventus Extra,9.2,9.4,9.4,1.0,5.8,6.8,9.3,4.8,9.5,9.4,9.4,39,36.0
42,Xiom Sigma 1 Euro,9.3,9.3,9.1,1.9,5.4,5.5,9.0,4.9,9.8,8.7,9.4,56,85.0
43,Tibhar 5Q,8.8,9.3,8.7,2.7,4.4,5.4,7.8,6.0,9.7,8.4,9.4,27,41.0
44,Gewo Neoflexx EFT 48,7.9,9.4,9.3,2.0,6.0,6.8,7.0,4.7,8.8,8.1,9.4,18,32.0
45,Yasaka Rigan Spin,8.7,9.3,9.4,1.8,4.2,4.8,8.9,4.2,9.4,9.3,9.4,12,35.0
46,TSP Ventus Soft,8.8,9.4,9.3,1.6,2.0,1.3,8.3,6.3,9.1,7.8,9.4,28,42.0
47,Yasaka Rakza 7,8.9,9.2,8.9,2.7,5.0,6.1,8.6,5.5,9.5,8.1,9.4,241,52.0
48,DHS Gold Arc 8,9.4,9.3,9.1,2.0,5.9,6.7,8.8,5.7,9.3,8.3,9.4,139,67.0
49,DHS Skyline 2 Provincial Blue Sponge,8.3,9.5,9.4,8.6,6.7,9.6,9.1,3.4,9.2,8.4,9.4,15,40.0
50,Andro Rasanter R53,9.5,9.4,8.9,1.4,7.6,9.1,9.4,6.2,9.2,9.2,9.4,38,57.0
51,Donic J.O. Waldner,8.2,8.8,8.8,3.1,4.2,5.2,9.3,3.2,9.0,8.0,9.4,11,37.0
52,Butterfly Dignics 80,9.4,9.2,9.0,1.7,5.7,6.7,8.1,5.4,10.0,8.6,9.4,28,72.0
53,Donic BlueGrip C2,9.2,9.4,9.1,5.6,6.5,9.2,9.0,7.3,9.7,7.6,9.4,38,55.0
54,Tibhar 5Q Update,9.1,9.1,9.0,2.4,4.8,5.1,9.1,5.8,10.0,8.5,9.4,10,58.0
55,Tibhar Grip-S,8.6,9.2,8.6,6.8,6.5,6.6,8.6,6.2,8.8,7.3,9.4,27,45.0
56,Xiom Sigma II Euro,9.2,9.4,9.1,1.9,5.4,4.9,9.1,5.7,9.8,7.7,9.4,37,45.0
57,Andro Rasant Turbo,9.5,9.1,8.4,1.5,5.9,7.0,8.9,5.1,9.4,9.1,9.4,39,43.0
58,Tibhar Rapid X-Press,9.2,9.2,8.3,3.8,3.8,5.3,8.9,4.0,5.5,6.4,9.4,15,44.0
59,Haifu White Shark II (2) (Tuned),8.7,8.1,8.5,2.2,3.7,2.8,6.8,3.5,7.5,5.5,9.4,13,26.0
60,Tibhar Evolution MX-P 50,9.3,9.4,9.0,2.3,7.5,9.5,9.0,4.0,9.3,8.4,9.4,31,49.0
61,Gewo NanoFLEX FT45,9.1,9.4,9.4,0.7,4.4,5.3,8.3,6.5,8.9,8.4,9.4,15,30.0
62,Tibhar Evolution MX-P,9.5,9.3,8.7,2.3,6.4,7.0,8.8,5.6,9.0,7.1,9.4,136,49.0
63,Yasaka Rising Dragon,8.9,9.5,9.3,5.9,5.6,6.5,9.1,4.4,8.7,8.0,9.4,72,28.0
64,Yasaka Mark V HPS,9.0,9.1,9.1,4.0,3.7,4.7,8.9,4.2,9.0,7.8,9.4,62,50.0
65,JOOLA Maxxx 500,9.4,9.3,9.1,2.4,6.5,8.5,7.9,7.3,8.8,7.2,9.4,17,41.0
66,Yasaka Xtend HS,9.3,9.3,9.2,2.2,3.5,2.4,7.5,2.7,8.8,6.7,9.4,31,44.0
67,DHS Hurricane 3 Provincial (No. 22 Blue Sponge),9.2,9.4,9.3,7.6,6.3,7.7,8.6,6.1,8.6,8.4,9.4,34,65.0
68,Gewo Proton Neo 325,7.8,9.1,9.2,0.5,1.2,0.5,7.2,6.4,9.2,7.8,9.4,17,42.0
69,Yasaka Rakza XX,9.3,9.1,8.7,1.7,5.2,7.0,8.3,6.0,10.0,7.0,9.4,10,78.0
70,Gewo NanoFLEX FT40,8.6,9.4,9.4,1.1,3.9,3.2,7.9,7.5,10.0,8.3,9.4,23,60.0
71,Tibhar Evolution EL-P,9.1,9.2,9.0,2.2,5.8,5.1,8.2,5.3,9.6,8.2,9.4,70,40.0
72,Xiom Omega IV Euro,9.0,9.3,8.9,2.5,4.3,5.0,8.5,5.6,9.3,7.6,9.4,43,50.0
73,Adidas Tenzone Ultra,9.2,9.4,8.9,2.3,5.2,7.2,8.3,6.1,9.4,8.3,9.4,19,50.0
74,Palio Aeolus,9.3,9.2,9.4,4.4,5.3,6.8,9.3,5.8,9.4,8.3,9.4,10,53.0
75,Nittaku Renanos Hold,8.9,9.4,9.1,4.1,4.8,6.0,8.9,5.1,9.4,8.0,9.4,39,40.0
76,Friendship/729 Battle II  Provincial Blue Sponge,8.9,9.4,9.1,8.5,6.2,8.7,9.4,3.8,9.2,8.5,9.4,38,34.0
77,Nittaku Fastarc G-1,9.0,9.3,9.1,2.4,5.5,6.7,9.2,6.1,9.7,8.8,9.4,175,60.0
78,Nittaku Sieger PK50,8.6,9.2,9.2,6.1,6.2,8.5,8.9,6.0,9.5,7.5,9.4,54,44.0
79,Gewo Hype XT Pro 50.0,9.3,9.3,9.1,2.2,6.0,7.7,9.0,5.9,8.9,8.2,9.4,26,48.0
80,Gewo Proton Neo 450,9.0,9.3,9.4,0.0,4.0,4.6,8.5,6.2,8.8,9.4,9.4,14,34.0
81,Butterfly Tenergy 25,9.2,9.1,8.8,2.5,6.8,6.7,8.6,4.3,10.0,8.2,9.3,75,65.0
82,Nittaku Hurricane Pro III Turbo Blue,8.8,9.5,8.8,8.5,8.5,9.4,9.4,5.5,8.5,8.0,9.3,28,45.0
83,Tibhar Quantum S,8.8,9.4,9.2,1.8,3.7,4.6,9.3,3.8,9.6,9.0,9.3,13,62.0
84,Andro Rasanter R47,9.4,9.3,8.9,1.8,5.6,6.5,8.8,5.9,9.4,7.6,9.3,92,41.0
85,Stiga Magna TX,9.1,9.3,8.8,2.9,3.4,6.2,8.0,4.6,10.0,9.1,9.3,16,55.0
86,Xiom Omega IV Pro,9.3,9.2,8.8,2.4,5.5,6.8,8.8,4.8,9.4,8.5,9.3,83,60.0
87,TSP Regalis Blue,9.3,9.5,9.4,2.1,4.3,5.6,9.3,5.5,9.3,8.2,9.3,20,42.0
88,Victas VS > 402 Double Extra,8.8,9.4,9.4,1.2,6.5,6.6,8.8,5.5,10.0,8.1,9.3,17,35.0
89,JOOLA Dynaryz ZGR,8.9,9.5,9.2,6.5,6.3,9.6,8.3,6.2,8.7,7.7,9.3,18,59.0
90,Andro Rasanter R48,8.9,9.4,8.9,1.9,5.4,6.6,8.0,5.9,8.2,7.5,9.3,50,65.0
91,Butterfly Tenergy 19,9.0,9.3,9.2,1.7,4.5,6.1,8.1,5.9,9.4,7.8,9.3,29,65.0
92,Nittaku Goriki Kaisoku,9.4,9.1,9.1,1.6,5.6,6.0,8.3,4.4,10.0,9.0,9.3,13,38.0
93,Gewo Nexxus EL Pro 43,9.0,9.3,9.3,1.0,3.6,4.6,8.4,6.1,8.7,7.8,9.3,23,45.0
94,Butterfly Tenergy 64,9.3,8.8,8.5,2.5,5.5,5.1,8.5,5.4,9.2,8.0,9.3,173,60.0
95,DHS Gold Arc 3,8.8,9.1,9.2,5.1,5.5,6.5,9.3,5.5,9.2,8.7,9.3,17,39.0
96,Donic Acuda Blue P1,9.3,9.2,8.9,2.6,5.2,6.0,8.6,5.6,9.2,7.2,9.3,26,44.0
97,Gewo Hype KR Pro 47.5,9.3,9.4,9.1,2.2,5.2,6.7,7.0,4.5,8.8,6.6,9.3,23,30.0
98,Xiom Sigma II Pro,9.4,9.3,8.7,2.5,6.4,7.2,8.8,5.5,9.5,8.3,9.3,28,42.0
99,Adidas TenZone Ultra SF,9.0,9.2,9.3,2.4,4.2,4.1,7.9,4.8,9.2,8.2,9.3,14,40.0
100,Andro Rasant Powersponge,8.7,9.3,9.4,2.3,3.9,3.0,8.5,4.3,9.3,8.4,9.3,48,53.0
101,Yasaka Mark V GPS Soft,8.2,8.5,8.6,5.0,4.6,3.5,8.7,4.2,8.1,8.1,9.3,11,35.0
102,TSP Agrit Speed,9.0,9.0,9.0,3.1,5.3,6.6,7.8,6.8,8.3,7.9,9.3,11,60.0
103,Butterfly Dignics 64,9.4,9.2,8.9,1.7,4.6,6.2,8.9,4.0,9.5,8.1,9.3,17,75.0
104,Butterfly Dignics 09C,8.7,9.5,9.1,5.6,6.8,8.3,9.0,8.4,9.7,8.0,9.3,77,80.0
105,Stiga Boost TX,9.3,9.0,8.5,2.0,3.2,5.2,8.3,3.8,8.5,7.8,9.3,46,55.0
106,Donic Bluefire JP 03,8.6,9.1,9.4,2.0,5.1,3.4,7.5,5.4,9.3,6.7,9.3,51,54.0
107,Tibhar Genius,8.9,9.3,8.9,2.8,5.3,5.6,7.9,5.9,9.4,8.3,9.3,55,50.0
108,Gewo Proton Neo 475,9.4,9.4,9.3,0.2,5.8,7.0,7.3,3.3,9.4,8.8,9.3,11,43.0
109,Nittaku Flyatt Spin,8.9,9.2,9.3,2.1,3.8,4.2,8.8,4.4,10.0,9.1,9.3,10,25.0
110,Tibhar Aurus Prime,9.4,9.3,8.9,2.3,5.2,6.9,8.6,6.6,8.8,7.7,9.3,36,44.0
111,Nittaku Fastarc P-1,9.3,9.3,9.0,2.9,5.5,5.6,9.3,6.0,9.2,9.1,9.3,32,55.0
112,Donic Baracuda,8.7,9.5,8.6,2.3,5.5,4.9,7.8,7.3,8.8,7.7,9.3,220,60.0
113,Gewo Neoflexx EFT 40,6.9,8.5,9.1,1.7,2.2,2.8,4.3,6.2,8.6,7.6,9.3,14,36.0
114,Nittaku Narucross EX Hard,9.2,8.9,8.5,3.3,4.3,6.8,9.1,4.8,10.0,8.2,9.3,11,50.0
115,Tibhar Hybrid K3,8.7,9.2,9.0,4.7,5.9,8.1,8.8,6.2,9.5,5.4,9.3,33,65.0
116,Killerspin Fortissimo,9.5,8.9,8.9,2.6,4.0,4.4,8.4,3.7,9.6,8.7,9.3,30,52.0
117,Butterfly Tenergy 05,9.3,9.4,8.3,2.3,6.4,6.1,8.7,7.6,9.3,7.7,9.3,374,60.0
118,Xiom Omega 3 Asian,9.5,8.9,8.8,0.7,4.0,7.7,7.0,3.0,9.0,6.3,9.3,11,50.0
119,TSP Ventus Speed,9.3,9.2,9.2,1.3,4.6,6.1,7.5,4.3,9.3,7.9,9.3,28,42.0
120,Victas V > 15 Limber,8.8,9.4,9.4,1.8,4.3,4.3,8.2,4.7,9.6,7.8,9.3,30,36.0
121,Xiom Omega V Tour,9.2,9.4,9.3,1.8,5.9,6.7,9.1,5.2,9.4,7.9,9.3,56,40.0
122,Donic Coppa X1 Turbo Platin,9.5,9.2,8.4,2.0,4.1,6.1,7.9,4.1,8.8,7.7,9.3,53,49.0
123,Andro Hexer Powergrip SFX,8.6,9.0,9.1,1.6,3.8,3.9,8.6,5.4,9.6,8.2,9.3,31,41.0
124,Donic Acuda S1 Turbo,9.4,9.1,8.3,3.2,6.1,6.9,8.3,6.1,8.5,7.0,9.3,50,52.0
125,Nittaku Fastarc S-1,9.1,8.9,9.0,1.9,3.3,4.4,8.5,5.3,9.4,7.9,9.3,67,42.0
126,Donic Traction MS Pro,9.3,9.3,8.7,2.4,5.8,6.8,7.0,5.3,7.2,6.9,9.3,10,60.0
127,Victas V > 01 Stiff,9.2,9.3,9.3,1.5,4.4,4.8,8.3,5.6,9.4,8.6,9.3,34,36.0
128,Butterfly Tenergy 05 FX,9.1,9.2,8.9,3.0,5.4,4.1,8.5,6.0,9.3,7.7,9.3,160,62.0
129,Gewo Nexxus XT Pro 48,9.4,9.4,9.3,1.5,6.1,7.2,7.7,4.5,8.5,8.2,9.3,18,55.0
130,DHS NEO Hurricane 3 Provincial (Orange Sponge),8.6,9.4,9.0,7.8,6.5,7.3,8.9,5.6,7.9,7.9,9.3,50,65.0
131,Xiom Omega V Euro,9.1,9.3,9.1,2.1,5.4,5.6,8.5,6.0,9.6,8.1,9.3,44,49.0
132,Butterfly Spin Art,8.6,9.3,8.9,6.0,7.7,9.1,9.2,5.9,9.4,8.4,9.3,50,55.0
133,Gewo Flexxon FX,9.0,9.2,9.1,1.3,3.5,4.2,7.5,6.3,8.6,8.1,9.3,15,58.0
134,Yinhe Apollo 5,9.0,9.4,9.2,5.3,6.1,7.6,8.6,5.3,9.0,8.2,9.3,26,20.0
135,Globe 999 National,7.8,9.2,9.0,6.2,6.3,6.4,8.3,5.3,9.3,8.3,9.3,34,15.0
136,Nittaku Galze,8.8,9.1,9.0,1.5,4.2,5.7,9.1,4.4,10.0,8.6,9.3,11,55.0
137,Nittaku Hammond Pro Beta,8.9,8.7,9.1,1.9,2.2,3.3,8.3,2.5,9.9,8.9,9.3,45,49.0
138,Donic Bluestorm Z1,9.3,9.4,8.8,2.1,5.6,6.5,9.1,5.6,8.7,6.4,9.3,27,60.0
139,Tibhar Grip-S Europe Soft,8.4,9.3,8.9,5.1,4.1,4.6,8.8,7.0,10.0,8.8,9.3,17,45.0
140,Gewo Flexxon Soft,8.7,9.4,9.4,1.7,2.8,1.2,7.6,6.6,8.5,8.7,9.3,12,58.0
141,Donic Bluefire M1,9.3,9.2,8.4,2.7,5.9,7.1,8.1,6.3,9.2,7.3,9.2,88,55.0
142,Andro Hexer HD,9.3,9.2,8.6,2.8,5.6,6.7,8.1,5.1,9.0,7.7,9.2,39,55.99
143,Friendship/729 Battle 3,8.9,9.4,9.3,8.4,6.0,8.2,9.2,4.9,9.3,7.6,9.2,21,30.0
144,Yinhe 9000 3 Star,9.2,9.2,9.1,6.8,4.3,5.3,6.3,5.5,8.6,6.8,9.2,19,10.0
145,Tibhar 5Q VIP,8.6,9.3,9.0,1.8,4.2,5.2,9.0,6.0,10.0,8.8,9.2,13,42.0
146,Stiga Calibra LT,9.3,9.1,8.9,4.5,5.8,7.3,8.5,6.5,8.8,7.4,9.2,76,53.0
147,Yasaka Anti Power (Anti-spin),4.4,2.5,8.8,1.2,4.1,1.9,3.6,2.3,8.3,9.3,9.2,22,32.95
148,Butterfly Dignics 05,9.1,9.4,8.8,1.8,5.0,7.0,8.3,6.3,8.6,8.4,9.2,74,80.0
149,Andro Rasant Beat,8.8,9.1,9.3,1.7,2.9,1.6,8.8,4.4,9.7,8.5,9.2,22,56.0
150,Xiom Omega V Pro,9.0,9.1,9.1,2.7,5.5,6.3,8.8,5.4,9.6,8.0,9.2,32,42.0
151,DHS Hurricane 8 Hard,8.7,9.3,9.0,7.6,7.8,9.2,8.4,4.0,8.6,7.1,9.2,27,32.0
152,Gewo Nexxus EL Pro 38,8.5,9.2,9.1,1.1,3.5,2.8,7.8,7.1,8.8,7.7,9.2,17,53.0
153,Xiom Omega VII Tour,9.3,9.3,8.2,2.0,7.4,8.8,9.1,6.2,9.5,8.3,9.2,20,59.0
154,Xiom Vega Pro,9.1,9.2,8.7,2.1,5.5,7.0,8.0,5.9,9.3,7.5,9.2,167,36.0
155,Nittaku Alhelg SR,9.1,9.4,9.0,4.3,6.0,7.2,8.8,4.8,8.8,8.5,9.2,16,60.0
156,Andro Rasanter R42,9.0,9.2,9.2,2.1,3.6,4.1,8.0,6.1,9.0,7.7,9.2,66,45.0
157,Nittaku Fastarc C-1,9.0,9.1,9.2,2.0,4.5,5.1,7.8,5.5,9.5,8.5,9.2,52,45.0
158,Gewo Proton Neo 375,8.6,9.1,9.4,0.5,2.5,2.8,7.3,6.2,9.5,8.4,9.2,12,42.0
159,Stiga Calibra LT Spin,9.1,9.1,8.9,2.4,3.5,3.6,8.4,4.7,8.8,6.1,9.2,44,40.0
160,Victas V > 11 Extra,8.8,8.8,9.2,1.8,2.6,5.9,7.4,5.6,9.3,5.8,9.2,21,50.0
161,Yinhe Venus 2,8.4,8.8,8.5,7.4,6.0,6.9,7.4,3.9,7.5,8.1,9.2,22,15.0
162,Yasaka Rakza X,9.0,9.0,9.0,2.3,4.9,6.6,8.5,4.7,9.6,8.0,9.2,62,43.0
163,Donic Bluefire JP 01 Turbo,9.3,9.4,8.4,3.8,5.3,6.5,8.6,6.0,9.4,8.0,9.2,25,54.0
164,Victas VS > 401,7.8,9.3,9.3,1.9,8.4,8.0,8.2,4.5,8.9,8.4,9.2,32,41.0
165,Xiom Vega X,8.9,9.1,8.9,1.8,5.9,6.6,6.9,5.8,9.0,7.5,9.2,27,47.0
166,Tibhar Evolution FX-S,8.7,9.2,9.2,1.3,5.4,3.2,7.4,5.3,10.0,7.5,9.2,23,40.0
167,Tibhar Aurus,8.9,9.0,8.8,2.2,4.7,6.1,8.1,5.8,9.2,7.3,9.2,50,40.0
168,Andro Plasma Women,8.6,8.7,8.9,1.2,1.1,0.4,8.5,6.9,9.6,8.6,9.2,20,37.0
169,Stiga Calibra LT Plus,9.4,9.1,8.6,3.3,6.1,8.2,8.5,6.0,8.4,7.3,9.2,34,28.0
170,Gewo Hype EL Pro 40.0,8.6,9.4,9.5,0.9,2.7,2.3,8.1,7.3,8.1,7.2,9.2,20,52.0
171,Donic Quattro A'Conda Soft,6.7,8.7,9.1,2.4,4.9,2.4,7.6,6.0,8.1,5.6,9.2,14,31.0
172,Palio Macro Era,9.3,8.6,8.5,1.7,3.9,4.3,8.4,4.3,9.3,5.6,9.2,36,25.0
173,TSP Triple Spin Chop,5.7,9.3,9.4,3.5,2.4,2.4,4.8,5.1,9.0,7.8,9.2,14,34.0
174,Andro Rasanter R37,8.7,9.1,9.4,1.6,2.8,1.1,6.7,5.8,9.1,7.8,9.2,44,46.0
175,JOOLA Express One,9.4,8.8,8.3,2.2,3.7,6.7,6.9,3.4,8.1,6.4,9.2,41,55.0
176,TSP Agrit,8.9,9.3,9.4,1.3,1.6,4.6,8.1,6.5,10.0,9.0,9.2,20,49.0
177,Andro Rasanter V42,9.1,9.1,9.2,1.9,4.4,4.2,8.1,4.4,9.7,8.2,9.2,21,49.0
178,Xiom Omega VII Euro,9.0,9.0,9.1,1.8,2.8,4.1,7.4,5.8,8.9,8.1,9.2,24,62.0
179,Victas VS > 402 Limber,8.7,9.5,9.4,1.9,3.6,3.3,8.5,6.2,10.0,8.0,9.2,15,48.0
180,Donic BlueGrip S2,8.2,9.1,9.3,3.9,3.4,4.2,7.9,5.3,9.5,5.9,9.2,15,49.72
181,Cornilleau Target Pro GT X51,9.4,9.2,9.0,1.6,6.9,8.0,8.7,6.2,9.0,7.8,9.2,13,40.0
182,Andro Impuls Powersponge,8.5,9.2,9.3,1.7,3.2,3.4,8.0,5.5,8.9,9.2,9.2,12,47.0
183,Friendship/729 729-08 Pro,8.6,9.3,8.9,4.5,4.0,7.9,7.9,6.6,8.6,8.6,9.2,10,39.0
184,Victas VJC > 07 Sticky Extra,8.4,9.2,9.4,3.3,5.2,6.2,7.7,6.2,10.0,8.9,9.2,13,46.0
185,Gewo Nexxus EL Pro 50 Hard,9.3,9.2,9.2,0.3,5.8,7.6,8.3,4.0,9.1,8.2,9.2,13,49.0
186,Tibhar 1Q,8.7,8.9,8.7,3.2,4.6,6.6,7.5,6.0,9.2,8.3,9.2,56,40.0
187,Tibhar Evolution MX-D,9.4,9.1,8.5,1.8,6.8,8.6,8.7,4.6,8.9,7.2,9.2,27,50.0
188,Nittaku Hammond CR,8.9,8.8,9.0,1.9,3.5,4.6,7.9,4.0,9.0,8.0,9.2,18,35.0
189,Stiga Mantra H,9.4,9.1,8.8,2.0,5.9,8.7,7.7,5.4,8.5,7.1,9.2,20,29.0
190,JOOLA Rhyzm,9.1,9.1,8.7,2.3,5.9,6.7,8.6,4.8,8.6,7.8,9.2,36,40.0
191,Tibhar 5Q Sound,8.3,9.1,9.1,1.6,3.7,1.5,7.4,4.5,10.0,8.4,9.2,21,45.0
192,Tibhar Grip-S Europe,8.6,9.3,8.9,5.9,6.3,7.3,8.5,7.6,10.0,8.3,9.2,35,45.0
193,JOOLA Golden Tango PS,8.8,9.4,9.1,5.8,6.2,7.4,7.0,6.7,10.0,6.9,9.2,11,45.0
194,Andro Hexer+,9.3,9.0,8.7,1.4,3.8,4.5,8.4,4.7,8.9,6.5,9.2,26,55.0
195,Yasaka Xtend,9.1,8.9,9.0,3.9,2.9,1.9,7.9,5.2,8.6,6.4,9.2,15,44.0
196,Gewo Hype XT Pro 40.0,8.5,9.0,9.0,1.1,2.5,2.3,7.7,6.6,8.3,6.6,9.2,21,48.0
197,Xiom Sigma 1 Pro,9.5,9.1,8.5,1.8,5.9,7.4,8.4,4.8,9.8,7.6,9.2,28,80.0
198,Darker VLON-S Blue V,8.9,9.1,8.4,7.2,5.1,7.5,9.1,6.1,8.8,7.7,9.2,21,11.0
199,DHS Gold Arc 5,8.8,9.0,9.3,2.3,4.4,5.3,8.1,4.9,9.0,7.3,9.2,40,38.0
200,Xiom Vega Europe,8.7,9.0,9.1,2.0,3.4,2.8,7.8,4.7,9.3,6.8,9.2,205,42.0
201,Yasaka Rakza 7 Soft,8.6,9.2,9.1,2.4,3.7,2.5,7.7,5.5,9.8,7.5,9.2,136,53.0
202,Nittaku Hurricane Pro III Turbo Orange,8.6,9.3,8.9,8.5,8.3,8.6,8.9,5.3,8.9,7.6,9.2,39,55.0
203,Gewo Nexxus EL Pro 53 Hard,9.3,9.1,8.9,0.9,6.6,8.3,8.3,2.3,9.1,8.5,9.2,16,60.0
204,Yinhe Moon Pro,8.9,9.2,9.1,6.0,4.9,5.4,8.0,5.9,9.0,7.9,9.1,50,25.0
205,Friendship/729 Battle II,8.7,9.2,9.0,8.6,5.9,8.0,8.3,5.6,8.4,8.1,9.1,54,26.0
206,Donic Bluestorm Z1 Turbo,9.4,9.0,8.3,1.8,5.9,8.0,8.1,3.9,9.3,7.9,9.1,36,44.0
207,Donic Coppa X1 Gold,9.1,8.8,8.7,1.9,3.7,5.6,8.7,4.4,9.2,7.4,9.1,24,49.0
208,Yasaka V Stage,9.0,9.2,8.6,3.2,3.8,4.3,7.8,2.3,10.0,7.5,9.1,13,52.0
209,Tibhar Genius+ Optimum,9.0,9.3,8.9,2.7,4.5,5.8,9.1,5.5,9.7,6.5,9.1,31,50.0
210,Adidas P5,8.9,9.3,9.0,2.7,4.3,6.9,7.8,5.7,9.2,8.1,9.1,27,52.0
211,Tibhar Evolution FX-P,8.6,9.1,8.9,2.0,5.1,2.9,8.6,5.5,9.5,7.1,9.1,52,40.0
212,Andro Good,8.7,9.0,9.1,2.7,3.8,3.7,8.0,6.2,9.5,8.2,9.1,11,35.0
213,Gewo Mega Flex Control,7.3,8.6,9.4,0.4,3.8,4.0,5.7,4.5,8.9,8.6,9.1,13,35.0
214,Donic Coppa X2 Platin Soft,8.7,9.0,8.8,2.2,3.1,3.2,7.8,4.1,8.7,6.9,9.1,25,54.0
215,Cornilleau Target Pro GT-H47,9.3,9.2,8.7,2.4,6.3,6.7,8.9,6.6,9.0,7.9,9.1,28,40.0
216,Donic Coppa Speed,9.3,9.0,8.3,2.5,4.6,6.7,8.1,3.5,8.8,8.3,9.1,16,53.95
217,Andro Hexer Grip,8.8,9.3,9.2,0.8,4.4,5.2,8.0,5.6,9.2,7.6,9.1,34,44.0
218,Yinhe Mercury III EURO,8.9,8.8,9.2,0.4,3.7,4.4,7.2,5.0,9.1,8.9,9.1,19,16.0
219,Gewo Nexxus XT Pro 50 Hard,9.5,9.0,8.9,1.3,6.2,7.9,7.7,3.7,9.2,7.7,9.1,15,60.0
220,Donic Acuda S2,8.8,9.0,8.6,2.6,4.4,4.5,7.9,5.1,9.1,7.5,9.1,111,37.0
221,Xiom Omega VII Pro,9.2,9.1,8.6,1.7,4.2,6.1,8.4,5.4,8.7,6.6,9.1,27,70.0
222,JOOLA Dynaryz ACC,9.2,9.1,9.1,2.1,5.3,6.6,6.5,5.0,9.4,6.8,9.1,30,60.0
223,Andro Hexer Grip SFX,8.6,9.3,9.4,1.4,3.1,1.9,8.3,5.4,10.0,8.0,9.1,38,43.0
224,TSP Regalis Red,9.3,9.4,9.1,0.7,3.8,5.2,8.0,5.8,9.6,8.1,9.1,16,40.0
225,DHS Skyline 3-60 Mid Hard,8.5,8.9,9.2,6.1,4.6,6.2,8.8,5.5,9.1,7.9,9.1,24,30.0
226,Tibhar Sinus,8.9,9.0,8.4,3.1,4.1,5.5,6.2,5.1,9.1,7.0,9.1,32,60.0
227,Victas V > 15 Extra,9.2,9.2,8.9,1.1,6.3,6.7,8.2,5.5,9.2,6.5,9.1,39,53.0
228,DHS Hurricane 8,8.5,9.3,9.0,8.1,7.2,7.7,9.0,4.5,8.5,7.8,9.1,67,45.0
229,Stiga Almana,9.1,8.3,7.9,2.2,4.7,6.7,7.3,4.8,7.5,7.6,9.1,17,32.0
230,Donic BlueGrip V1,8.9,9.4,8.3,7.6,6.4,7.9,8.7,5.3,9.4,9.3,9.1,14,40.0
231,Palio CJ8000 Biotech 42-44° Japanese Sponge,7.7,8.9,8.3,2.4,6.3,6.0,8.3,7.3,9.3,7.4,9.1,13,11.5
232,Friendship/729 Battle II Provincial Gold,9.1,9.5,8.6,8.2,5.1,8.4,9.2,4.5,8.3,9.0,9.1,11,26.0
233,Stiga Mantra M,9.1,9.0,8.8,1.6,4.6,5.3,8.0,5.2,8.9,6.9,9.1,32,47.0
234,Gewo Hype EL Pro 42.5,8.8,9.1,9.3,1.1,4.1,4.6,7.2,5.5,8.2,6.8,9.1,24,52.0
235,Butterfly Bryce High Speed,9.4,8.4,8.4,2.1,3.5,4.6,7.2,4.3,8.4,7.8,9.1,27,55.0
236,Victas V > 15 Stiff,8.9,9.3,9.3,0.7,4.7,5.6,8.4,5.4,9.6,8.4,9.1,17,40.0
237,Donic Coppa X3 Silver,8.4,9.2,8.5,1.9,2.4,0.7,7.0,3.2,9.6,7.0,9.1,19,55.0
238,Butterfly Aibiss,8.5,9.3,9.3,4.7,4.0,9.9,8.3,6.2,9.8,8.7,9.1,22,40.0
239,Donic Acuda S1,9.2,9.1,8.2,1.9,4.6,6.7,8.3,5.1,8.9,7.0,9.1,58,52.0
240,Tibhar Primus,9.0,9.1,9.0,1.8,2.9,2.9,9.0,3.3,10.0,7.1,9.1,10,59.0
241,JOOLA Phenix (Phoenix),9.2,8.3,7.7,2.5,2.9,5.5,6.3,3.6,10.0,5.3,9.1,14,45.0
242,Palio Blitz,9.1,9.0,8.3,2.1,4.4,6.2,8.7,5.7,9.7,7.2,9.1,31,55.0
243,Tuttle Beijing 2,8.5,9.3,9.1,7.3,6.2,5.4,8.1,5.3,10.0,8.4,9.1,12,15.0
244,DHS Hurricane 3 (Provincial),8.5,9.3,8.7,8.4,6.6,7.0,9.1,6.4,8.1,8.7,9.1,37,55.0
245,Tibhar Sinus Alpha,8.5,9.0,8.7,1.1,2.4,2.6,7.8,6.0,9.0,7.1,9.1,20,46.0
246,JOOLA Rhyzer Pro 50,9.2,9.1,8.9,0.3,5.3,7.5,8.6,5.1,9.0,5.9,9.1,12,58.0
247,KTL (LKT) Pro XT Silver Dragon,8.9,8.8,8.6,6.5,5.6,6.1,7.9,5.3,8.8,6.5,9.1,19,20.0
248,DHS Memo,8.5,9.4,8.8,6.8,5.2,5.8,8.6,4.6,9.1,7.3,9.1,24,20.0
249,Donic Bluefire JP 02,8.9,8.8,8.6,1.9,5.8,5.2,8.2,4.7,8.6,7.3,9.1,23,54.0
250,Nittaku Narucross EX Soft,8.8,9.3,8.7,2.5,3.2,2.8,9.4,3.2,10.0,6.8,9.1,12,39.0
251,Stiga Airoc S,8.5,9.0,9.2,4.4,4.0,2.4,7.5,5.7,8.2,7.4,9.1,28,54.0
252,Andro Hexer Duro,9.1,9.2,8.6,2.8,4.2,4.8,7.0,5.0,8.6,8.5,9.1,41,34.0
253,Friendship/729 Battle II Provincial (Battle 2 Provincial),8.5,9.2,8.9,8.6,4.4,7.8,8.5,4.5,8.2,7.6,9.1,16,28.0
254,Butterfly Tenergy 05 Hard,9.4,9.3,8.4,1.8,7.9,9.4,8.3,6.0,9.1,7.4,9.1,32,60.0
255,Butterfly Tenergy 64 FX,9.0,8.9,8.5,1.6,4.6,2.9,7.7,3.9,9.4,7.5,9.1,44,65.0
256,Butterfly Bryce Speed FX,9.4,8.4,8.4,2.5,4.3,3.4,7.2,3.4,8.9,6.9,9.1,44,55.0
257,JOOLA X-Plode Sensitive,8.5,8.7,8.7,2.2,3.8,4.2,7.7,5.3,8.3,6.9,9.1,28,60.0
258,Gewo Neoflexx EFT 45,7.2,8.7,9.2,3.2,3.6,4.6,4.8,5.6,8.9,7.8,9.1,12,44.0
259,Yasaka Mark V HPS Soft,8.8,9.0,8.7,2.6,3.9,3.1,8.3,4.3,9.8,8.7,9.0,29,44.0
260,Air Illumina X88,8.9,8.9,8.5,2.0,4.3,5.4,7.3,3.3,8.8,7.1,9.0,25,25.0
261,JOOLA Express Two,8.6,9.0,8.8,2.2,3.6,3.6,8.2,4.8,8.6,6.2,9.0,23,65.0
262,Adidas TenZone,9.2,9.3,8.8,1.9,5.8,6.6,8.2,6.0,8.2,7.4,9.0,18,79.0
263,Andro Rasanter V47,9.3,9.0,9.0,1.5,5.0,6.6,8.3,5.3,9.0,8.5,9.0,21,49.0
264,Stiga Carbo Sound,9.2,8.6,9.1,2.1,3.6,3.8,6.3,4.1,8.9,8.2,9.0,22,36.0
265,Gewo Nexxus EL Pro 48,9.3,9.1,8.9,1.6,5.7,6.9,7.3,4.8,8.0,7.6,9.0,26,45.0
266,Palio Hadou 40+,8.7,9.0,9.1,3.7,4.8,5.7,7.0,4.5,9.2,7.5,9.0,33,19.0
267,Nittaku Flyatt Hard,9.0,8.8,8.7,2.6,3.5,6.6,7.9,4.3,9.0,8.7,9.0,23,25.0
268,Nittaku Hurricane 3 NEO,8.2,9.3,9.3,7.8,6.0,7.3,7.0,3.6,9.4,6.5,9.0,11,40.0
269,Stiga Airoc Astro S,8.9,9.0,8.8,4.2,4.1,3.9,6.5,5.2,8.2,6.4,9.0,19,55.0
270,Xiom Omega VII Asia,9.1,9.3,8.5,2.1,6.1,7.9,8.5,4.1,9.7,8.2,9.0,18,63.0
271,KTL (LKT) Red Diamond,8.5,8.8,8.7,5.3,5.9,6.6,8.2,4.5,8.1,5.9,9.0,29,14.0
272,Loki GTX Pro,8.7,9.1,9.1,6.1,6.4,7.4,7.9,4.5,9.5,7.0,9.0,15,39.0
273,Butterfly Bryce Speed,9.4,8.3,8.0,1.4,5.4,6.7,6.2,2.7,8.2,7.3,9.0,43,55.0
274,Juic Neo Anti (Anti-spin),4.5,3.5,9.2,0.4,3.8,1.0,6.3,2.6,9.4,9.2,9.0,12,32.0
275,Palio Thors,8.7,9.3,8.4,6.4,6.7,8.1,8.0,5.0,9.1,7.3,9.0,45,30.0
276,Yasaka Rigan,8.4,8.9,9.2,2.5,4.0,3.1,7.2,4.7,9.6,7.8,9.0,16,35.0
277,Andro Plaxon 400,8.6,9.1,9.3,0.4,3.8,4.1,8.8,4.5,9.4,8.9,9.0,14,44.0
278,Butterfly Tackifire C Soft,7.4,9.1,8.8,7.1,4.0,2.0,7.0,4.0,9.0,8.2,9.0,14,52.0
279,Palio Hidden Dragon Biotech,8.3,8.8,9.0,0.6,4.8,4.4,7.0,5.7,8.3,6.8,9.0,13,12.0
280,Andro Hexer,8.7,9.1,8.5,2.4,5.3,6.0,8.7,5.2,9.3,7.6,9.0,47,47.0
281,Yasaka Shining Dragon,8.8,9.2,9.0,7.2,4.7,5.8,8.4,6.1,9.5,8.1,9.0,23,37.0
282,DHS Skyline TG3 (No. 21 Blue Sponge),8.8,9.4,8.8,6.8,4.4,6.3,8.2,6.2,7.2,8.9,9.0,13,18.0
283,JOOLA Energy X-tra (Green Power),8.3,8.5,8.6,1.3,2.5,1.5,8.4,5.3,9.4,5.5,9.0,41,57.0
284,Andro Plasma 470,9.1,8.7,8.5,0.8,2.4,3.9,8.5,8.1,9.4,7.3,9.0,28,43.99
285,Victas V > 01,9.1,8.9,8.9,0.6,4.5,6.3,7.5,4.0,8.3,7.0,9.0,19,50.0
286,Xiom Tau,8.6,9.5,8.9,6.1,5.5,8.1,8.4,7.5,9.6,9.2,9.0,16,75.0
287,Stiga Power LT,9.0,8.9,9.0,1.7,2.3,2.9,9.0,6.2,8.9,8.2,9.0,13,30.0
288,Stiga Almana Sound SynergyTech,9.5,8.7,8.7,3.3,3.4,3.3,6.1,3.4,8.3,5.7,9.0,17,39.0
289,JOOLA Energy Green Power,9.0,8.5,8.1,1.5,3.1,3.4,7.9,5.1,7.1,4.7,9.0,16,54.0
290,Friendship/729 Bloom Power,8.7,9.1,8.8,8.5,7.0,8.3,8.0,3.6,7.9,8.4,9.0,24,15.0
291,DHS NEO Hurricane 3 Provincial (Blue Sponge),8.3,9.2,8.5,8.4,6.6,7.9,7.8,4.4,7.8,7.8,9.0,21,70.0
292,Xiom Omega 2 Asian,9.3,8.5,7.8,2.1,4.9,6.1,5.3,3.8,7.7,7.4,9.0,20,41.0
293,DHS Hurricane 3 National (Orange Sponge),8.5,9.3,8.6,7.5,6.7,7.3,8.7,7.3,9.2,8.2,9.0,22,65.0
294,Bomb Mopha,8.5,8.1,8.7,1.1,2.6,6.1,8.0,3.4,7.5,6.8,9.0,10,18.0
295,Xiom Vega Tour,8.9,8.9,8.8,2.2,3.8,6.7,8.3,5.6,9.4,6.4,9.0,13,51.0
296,Tibhar Aurus Sound,8.5,9.0,8.8,2.2,3.4,2.1,7.0,5.1,9.2,7.0,9.0,39,40.0
297,Stiga Mantra S,8.7,9.0,9.1,3.3,4.4,3.0,6.0,3.8,7.8,6.2,9.0,10,50.0
298,DHS NEO Hurricane 3,8.4,9.3,8.7,8.1,6.6,8.0,8.7,5.8,7.4,7.6,9.0,307,24.0
299,Donic Acuda S3,8.4,9.0,8.7,1.8,3.6,1.9,7.8,5.5,9.5,7.4,9.0,74,52.0
300,DHS NEO Skyline 2 TG2,8.5,9.3,8.7,8.0,6.1,7.1,8.2,4.9,8.2,7.8,9.0,111,32.0
301,Nittaku Factive,8.5,8.6,9.1,1.7,3.5,5.2,7.2,5.1,9.7,8.1,9.0,24,40.0
302,JOOLA Express X-plode,9.2,8.8,8.2,4.5,5.5,6.5,7.5,5.5,8.6,5.3,9.0,14,54.0
303,DHS Tin Arc 5,8.6,8.9,9.0,4.7,5.8,6.2,6.5,4.5,9.3,6.9,9.0,23,30.0
304,DHS NEO Skyline 3 TG3,8.5,9.0,8.7,7.5,6.1,7.5,8.3,4.8,7.9,7.8,9.0,90,24.0
305,Giant Dragon SuperSpin G3 Soft,8.4,9.3,8.2,7.5,5.6,4.0,7.5,5.6,7.5,6.5,9.0,12,24.99
306,Reactor Thunder,8.9,8.9,8.6,6.6,6.0,7.1,7.0,5.2,8.5,7.7,9.0,23,12.0
307,Donic Acuda Blue P1 Turbo,9.4,9.3,8.9,2.4,5.2,6.5,7.7,5.3,9.3,8.1,9.0,18,54.0
308,Palio AK 47 Blue,8.9,8.7,8.8,0.7,2.3,2.7,6.9,4.5,8.2,7.2,9.0,52,21.0
309,Xiom Omega IV Elite,8.2,9.2,8.9,2.2,3.4,1.2,7.3,6.2,9.2,6.4,9.0,36,29.0
310,Donic Bluefire JP 01,8.8,9.0,8.9,2.7,5.9,6.5,8.1,5.5,8.8,7.3,9.0,28,54.0
311,Donic Coppa,8.4,8.8,8.7,3.8,4.9,5.7,7.9,4.6,10.0,7.3,9.0,16,37.0
312,Donic Bluefire M3,8.4,9.1,8.9,1.8,5.3,3.1,8.1,7.2,8.9,7.9,8.9,51,55.0
313,Nittaku Hurricane 3 (H3),8.7,9.2,8.9,6.3,6.9,7.6,8.1,6.4,7.3,7.0,8.9,17,35.0
314,SpinLord Tiger,8.0,8.0,8.3,2.3,3.8,6.2,7.4,5.8,10.0,7.0,8.9,10,25.0
315,Tibhar Rapid,8.3,8.2,8.2,3.2,4.1,4.6,7.5,5.5,7.7,7.5,8.9,23,28.0
316,Stiga Neos Tacky,7.6,9.1,9.1,7.5,2.5,4.6,6.9,6.3,8.8,5.8,8.9,33,37.0
317,Tibhar Nimbus VIP,9.4,8.8,8.1,4.4,4.7,7.4,9.0,5.6,9.4,7.6,8.9,12,40.0
318,DHS Hurricane 3 (H3) Pro (Tuned),8.7,9.3,8.5,7.6,7.0,7.1,7.4,6.8,6.9,6.4,8.9,10,55.0
319,Nittaku DHS Hurricane 3,8.3,9.3,8.9,8.2,6.7,8.1,8.3,8.0,8.1,5.6,8.9,11,50.0
320,Donic Bluestorm Z2,9.2,9.0,8.7,1.8,5.3,6.5,8.0,5.0,9.2,5.5,8.9,28,48.0
321,Yinhe Jupiter 3 Asia,8.7,9.0,9.0,6.4,6.0,7.6,8.3,4.7,8.9,8.4,8.9,24,15.0
322,Loki Arthur Asia,8.4,9.0,8.9,6.8,6.8,8.0,7.7,3.3,9.0,7.1,8.9,10,49.0
323,Tibhar Aurus Soft,8.6,9.1,8.8,2.4,4.1,4.6,8.0,6.3,9.2,7.6,8.9,43,35.0
324,Butterfly Cermet,8.6,8.2,8.3,0.9,2.8,4.0,8.3,2.9,10.0,7.8,8.9,10,43.0
325,Nittaku Alhelg,9.1,9.2,9.1,2.3,5.3,5.3,8.5,5.7,9.2,7.5,8.9,19,45.0
326,Stiga Magna TC II (2),9.0,8.5,8.7,2.8,3.1,4.2,7.8,4.0,9.0,7.3,8.9,21,40.0
327,Stiga DNA Pro M,8.8,8.9,9.0,2.0,5.3,6.5,7.6,6.8,8.9,5.7,8.9,22,50.0
328,JOOLA Maxxx 450,9.1,8.9,8.7,0.5,5.6,5.6,8.5,5.8,9.4,7.6,8.9,13,60.0
329,Dawei Inspirit,8.0,8.5,8.2,2.4,5.4,4.9,5.8,3.9,6.3,8.0,8.9,24,12.0
330,Butterfly Sriver G3 FX,8.6,8.4,8.6,2.7,3.7,3.3,7.9,7.1,8.0,7.1,8.9,50,59.0
331,Donic Desto F3 Big Slam,7.7,8.4,8.6,0.7,1.9,0.2,6.9,5.4,7.7,4.1,8.9,35,44.95
332,Donic Desto F2,8.7,8.7,8.2,2.0,4.0,4.8,5.7,5.1,7.5,5.7,8.9,11,44.0
333,Kokutaku 868 Training Rubber,7.8,8.5,9.3,5.4,5.4,6.2,4.9,4.7,6.0,7.8,8.9,10,6.0
334,Tuttle Beijing 4,8.3,8.5,9.1,2.1,2.9,2.6,7.2,4.5,8.9,7.9,8.9,17,12.0
335,XuShaoFa 999 ZCD,8.7,8.8,9.0,5.6,5.6,4.6,5.5,4.3,7.5,6.9,8.9,14,6.0
336,Stiga Calibra Tour M,9.2,8.6,8.7,0.5,4.1,5.5,6.8,3.6,8.1,6.9,8.9,15,50.0
337,Tibhar Sinus Sound,8.4,8.4,8.8,1.6,1.2,0.7,7.0,4.8,9.6,6.2,8.9,26,40.0
338,Stiga Boost TS,8.8,8.9,8.7,2.4,2.6,1.3,7.6,4.1,8.1,6.9,8.9,52,50.0
339,DHS Skyline TG3,8.6,9.0,8.6,8.2,6.8,8.5,7.2,4.5,7.7,7.9,8.9,56,27.0
340,Stiga Boost TP,8.9,8.8,8.5,2.7,4.3,5.7,7.5,2.8,7.9,6.8,8.9,14,58.0
341,Palio CJ8000 Biotech 40-42°,8.3,8.9,9.0,2.4,5.8,5.5,7.8,7.4,7.8,7.9,8.9,11,16.0
342,Sanwei Target National,8.6,9.2,8.9,8.0,7.2,7.1,8.6,4.4,8.5,7.5,8.9,36,20.0
343,Donic Desto F1,9.4,8.6,7.4,1.9,4.4,4.4,7.2,6.4,8.0,4.9,8.9,22,43.0
344,Yasaka Mark V XS,8.4,8.7,8.4,3.2,3.6,4.1,7.4,3.4,8.6,8.5,8.9,19,46.0
345,DHS G666,7.7,9.1,9.0,7.8,6.8,6.8,7.6,6.2,7.4,6.7,8.9,37,20.0
346,Gewo Hype EL Pro 47.5,9.1,9.0,9.0,0.5,5.6,6.6,7.3,4.5,7.9,6.7,8.9,29,44.0
347,Friendship/729 729-08,8.5,9.2,8.8,7.4,6.1,8.5,7.5,4.9,8.4,7.2,8.9,29,20.0
348,Yinhe Big Dipper,8.6,8.9,8.5,5.1,6.3,7.4,8.2,5.7,8.5,7.4,8.9,55,24.0
349,Friendship/729 Faster 3 (Fenghun 3),8.9,8.8,8.8,6.2,4.9,4.8,6.6,5.6,7.5,7.9,8.9,17,14.0
350,Yinhe Sun,8.8,8.9,9.1,2.0,5.8,5.2,7.2,4.3,8.4,7.5,8.9,37,16.0
351,JOOLA Mambo H,8.1,8.9,8.9,3.9,3.7,5.0,7.7,5.5,9.1,7.9,8.9,25,38.0
352,Butterfly Tackifire Special-Soft,7.9,9.1,9.1,3.4,5.9,3.4,8.3,5.6,9.6,8.7,8.9,20,51.0
353,Butterfly Glayzer,8.6,8.9,9.1,2.0,6.0,6.8,6.7,6.2,10.0,7.6,8.9,12,42.0
354,Xiom Vega Asia,8.9,8.4,8.5,2.5,4.2,5.6,7.8,4.5,9.1,7.8,8.9,53,34.0
355,Friendship/729 Origin,7.3,8.7,8.7,7.0,5.1,6.3,6.6,4.5,7.5,6.0,8.9,10,14.0
356,Palio HK1997 Biotech,8.3,8.7,8.9,2.1,4.4,4.5,7.0,4.5,7.3,8.3,8.9,19,27.0
357,Tibhar Evolution EL-S,8.7,9.0,8.9,2.3,6.2,6.0,8.5,5.4,8.7,6.7,8.9,51,40.0
358,Donic Coppa JO Gold,9.1,8.6,8.4,2.7,4.2,6.7,7.0,4.5,7.7,6.4,8.9,30,38.0
359,Donic Bluefire M2,8.7,9.0,8.5,1.9,5.7,5.4,7.7,6.4,9.2,6.4,8.9,66,55.0
360,Butterfly Glayzer 09C,8.1,9.1,9.2,4.5,4.8,7.4,7.9,7.3,9.3,7.9,8.9,25,45.0
361,Dawei Inspirit Quattro Ultralight 40,8.7,8.2,8.6,2.9,3.5,5.4,8.0,4.3,9.7,8.4,8.9,23,16.0
362,Donic Baracuda Big Slam,8.2,9.2,8.6,2.0,4.5,2.5,6.4,5.9,9.4,6.4,8.9,33,70.0
363,DHS Tin Arc,8.3,8.5,8.5,2.5,5.8,6.4,7.6,4.8,8.8,7.9,8.8,22,38.0
364,Xiom Vega Japan,9.0,8.9,8.8,1.9,5.2,5.3,8.4,4.8,9.2,7.2,8.8,44,39.0
365,Palio HK1997 Gold,8.9,8.9,8.8,3.3,4.5,6.8,6.8,4.6,7.7,6.6,8.8,30,25.0
366,Donic Sonex JP Gold,9.0,8.6,8.1,2.3,4.3,4.5,7.0,3.3,7.9,5.6,8.8,38,35.0
367,Butterfly Solcion,7.9,8.2,8.9,1.6,2.7,0.2,7.8,5.9,9.4,7.4,8.8,23,53.0
368,JOOLA Tango Extrem,8.7,8.2,6.5,4.1,4.0,4.1,7.3,3.5,10.0,6.3,8.8,10,42.0
369,Friendship/729 Focus 3 Snipe,8.6,8.3,8.9,1.5,2.1,3.1,7.1,4.1,8.4,6.8,8.8,134,15.0
370,Friendship/729 729-5,8.8,8.7,8.9,3.5,4.5,6.0,6.3,5.3,8.8,7.7,8.8,57,17.0
371,JOOLA Rhyzer 48,9.1,9.0,8.2,0.5,5.3,5.8,7.5,5.7,6.3,5.7,8.8,14,58.0
372,Butterfly Roundell Soft,8.6,8.7,8.8,2.4,2.5,0.6,7.8,4.4,9.6,6.6,8.8,16,45.0
373,Palio CJ8000 Biotech 36-38°,7.6,8.5,9.1,4.6,4.5,3.3,8.2,6.0,9.0,7.3,8.8,28,16.0
374,Palio CJ8000 Extreme Spin,8.3,9.0,8.8,6.6,4.2,5.0,6.6,4.8,8.3,8.3,8.8,12,16.0
375,Butterfly Tenergy 80 FX,8.9,8.9,8.5,1.9,4.4,3.6,7.9,5.2,8.7,7.5,8.8,24,65.0
376,DHS Tin Arc 3,8.6,8.9,9.0,4.2,6.2,5.8,7.5,5.2,9.0,7.4,8.8,57,32.0
377,Butterfly Rozena,8.7,8.4,8.8,1.6,4.6,5.0,7.0,5.5,8.9,6.8,8.8,82,35.0
378,Yasaka Mark V M2,8.7,8.4,8.5,3.0,4.5,4.4,5.9,3.3,8.5,7.2,8.8,18,32.0
379,Tibhar Legend Destroyer,7.5,8.4,8.3,7.2,4.1,6.2,8.0,5.3,9.4,7.7,8.8,17,14.0
380,Dawei Saviga,8.3,8.4,8.5,1.3,5.5,6.9,8.1,2.7,7.0,6.5,8.8,10,16.0
381,Friendship/729 729-08 ES,8.3,8.6,8.7,4.9,5.1,5.8,7.5,5.7,9.3,7.2,8.8,21,22.0
382,DHS Hurricane 3-50,8.1,9.0,9.0,8.5,5.8,4.9,8.0,5.4,8.0,6.8,8.8,30,29.0
383,Friendship/729 729 OEM,8.3,8.3,9.1,5.8,3.2,5.0,6.0,4.2,8.1,6.8,8.8,12,5.0
384,Tibhar Quantum,8.4,8.9,9.1,1.6,3.0,4.8,8.5,6.2,8.3,6.9,8.8,11,56.0
385,DHS Hurricane 2 (No. 19 Sponge),8.7,9.0,8.7,6.9,5.3,5.3,6.3,5.8,6.4,7.9,8.8,10,18.0
386,Nittaku Hammond,9.1,8.5,8.1,1.0,2.7,2.9,6.8,2.3,7.5,6.8,8.8,14,38.0
387,Palio AK 47 Yellow Sponge,8.6,8.5,8.7,0.7,3.3,4.3,6.4,5.0,8.1,7.1,8.8,29,12.0
388,Stiga Airoc M,8.8,9.0,8.7,2.5,5.3,5.4,6.8,5.6,8.3,7.1,8.8,18,37.0
389,Yinhe Earth 2,8.7,8.1,8.9,3.1,3.8,3.4,5.8,4.8,9.3,8.6,8.8,10,18.0
390,Nittaku Hammond X,8.9,8.7,8.1,3.1,4.0,5.0,5.3,2.0,8.9,7.4,8.8,10,43.0
391,Butterfly Tackiness Chop 2,6.6,8.8,9.0,5.4,3.8,5.1,6.1,3.3,9.7,6.7,8.8,23,45.0
392,Andro Backside 2.0D,7.8,9.1,9.1,3.5,5.3,4.0,7.0,4.7,9.4,7.4,8.8,14,30.0
393,Tuttle Prevention Arc,5.4,5.7,9.2,0.0,1.6,0.8,1.3,1.1,10.0,8.9,8.8,11,11.0
394,Dawei Inspirit Quattro Ultralight SV 35,8.3,8.5,8.6,2.9,3.9,2.2,7.1,4.1,9.3,7.7,8.8,22,16.0
395,Tibhar Super Defense 40,6.3,8.7,8.6,2.0,2.7,4.7,6.4,2.6,9.2,6.8,8.8,13,39.0
396,Palio CJ8000 Biotech 36-38° Japanese Sponge,7.6,8.7,9.2,2.6,5.2,3.7,6.8,6.2,7.8,8.5,8.8,14,12.0
397,Friendship/729 RITC 2000 Tack Speed,8.3,8.8,8.6,5.9,4.4,5.0,6.4,5.8,8.5,7.2,8.8,28,14.0
398,Donic Vario Big Slam,7.6,8.4,8.8,0.0,2.7,0.6,6.4,4.7,7.1,5.6,8.8,18,80.0
399,Donic Coppa JO Silver,8.6,8.8,8.2,2.5,3.5,3.0,6.7,4.8,8.5,5.8,8.8,29,45.0
400,Tibhar Aurus Select,8.8,8.9,9.2,1.6,4.2,5.0,6.8,6.5,9.0,6.4,8.8,14,48.0
401,Dawei Sprungfeder G3 A2,7.8,9.1,9.0,7.7,7.0,8.8,6.5,6.0,6.0,6.7,8.8,13,14.0
402,Yasaka Zap Biotech 36-38,8.0,8.3,8.5,2.6,4.3,3.0,7.0,5.1,6.7,8.6,8.8,13,46.0
403,Friendship/729 729-2 Sensor,8.7,8.6,8.6,3.6,5.7,6.6,7.4,5.1,8.1,7.6,8.7,28,14.0
404,Stiga Boost TC,8.7,8.4,8.2,2.0,2.6,1.7,6.5,4.7,7.9,5.8,8.7,40,50.0
405,DHS Hurricane 3 (National),8.1,9.4,8.6,7.9,7.0,7.8,7.9,6.4,6.8,7.4,8.7,18,65.0
406,Stiga Calibra LT Sound,9.1,8.7,8.5,2.0,2.7,1.7,7.7,4.4,8.3,6.9,8.7,64,42.0
407,Reactor Tornado V5,8.2,8.8,8.8,4.4,5.1,6.7,7.0,5.1,8.7,8.4,8.7,26,11.0
408,Friendship/729 Aurora,9.1,9.1,9.0,1.3,3.8,3.0,8.0,4.4,8.6,6.9,8.7,23,18.0
409,Yasaka Mark V,8.0,8.2,8.7,2.6,4.0,4.5,7.6,4.4,9.5,8.7,8.7,208,37.0
410,Palio AK 47 Red,9.1,8.4,8.5,0.6,2.7,6.3,6.5,4.8,7.8,7.2,8.7,68,15.0
411,KTL (LKT) Rapid Speed,8.5,8.5,8.5,3.3,4.4,5.8,7.0,3.4,8.9,8.0,8.7,55,14.0
412,Yasaka Mark V 30°,7.3,7.9,7.6,1.9,2.4,0.7,6.7,3.8,9.4,7.1,8.7,10,30.0
413,Yinhe Moon,8.7,8.6,8.8,1.9,4.5,5.5,6.1,4.7,8.1,6.5,8.7,66,20.0
414,Donic Coppa Tagora,8.3,8.8,8.9,2.3,2.0,1.7,6.7,4.4,10.0,6.6,8.7,10,37.0
415,DHS Hurricane 2 (H2),8.5,9.3,8.0,8.6,7.6,8.7,6.3,3.4,7.1,7.9,8.7,76,14.0
416,Yinhe Jupiter II,8.5,8.7,9.0,6.2,5.6,6.5,6.9,6.2,9.1,7.3,8.7,23,15.0
417,Butterfly Sriver G2,8.4,8.2,8.6,2.5,4.1,5.0,5.9,4.1,9.3,7.9,8.7,20,56.0
418,Andro Hexer Powersponge,8.3,8.8,8.9,0.4,3.8,1.7,7.9,5.3,8.9,6.6,8.7,27,47.0
419,Palio CJ8000 Biotech 39-41°,7.1,8.6,8.7,2.5,3.5,3.5,6.1,5.8,9.3,7.7,8.7,16,8.5
420,DHS Hurricane 8-80,8.1,9.3,9.1,8.1,6.8,6.4,9.1,5.1,8.3,8.1,8.7,13,40.0
421,Donic Coppa JO Platin,9.3,8.8,7.6,2.0,3.7,5.1,6.6,3.9,8.4,4.8,8.7,35,48.95
422,Yasaka New Era,8.2,8.4,7.7,6.2,4.9,7.7,6.0,5.5,10.0,7.2,8.7,16,27.0
423,Tibhar Nimbus Sound,8.6,8.2,8.2,0.8,1.1,0.4,6.5,5.0,8.1,4.7,8.7,20,40.0
424,Tibhar Nimbus Soft,8.3,8.6,8.6,1.6,1.9,1.6,6.8,3.5,8.3,4.6,8.7,17,45.0
425,Stiga Genesis S,8.5,8.9,9.0,4.3,5.1,3.8,5.9,5.3,6.5,6.7,8.7,19,45.0
426,Andro Plasma 380,7.7,8.3,8.8,2.0,2.7,0.9,6.0,4.0,10.0,5.5,8.7,14,47.0
427,Stiga Genesis M,8.8,8.9,8.7,4.6,5.7,6.9,6.7,5.5,6.8,7.1,8.7,23,30.0
428,Andro Roxon 500 Pro,9.5,8.3,7.5,1.7,5.1,6.5,5.8,3.1,9.2,4.4,8.7,17,50.0
429,DHS NEO Hurricane 2,8.3,9.3,8.3,8.3,7.4,8.7,7.7,3.1,8.1,7.8,8.7,43,22.0
430,Friendship/729 Faster (Fenghun),8.7,8.9,8.6,7.0,5.6,6.6,7.2,5.8,8.8,7.1,8.7,25,14.0
431,Andro GTT 45,8.4,8.8,9.1,1.4,4.0,4.6,7.0,6.3,7.9,7.9,8.7,20,45.0
432,Yinhe Mercury II,8.4,8.8,8.7,6.0,5.0,4.7,6.6,5.5,8.2,6.1,8.7,103,4.0
433,Tibhar Vari Spin,7.6,8.6,8.6,3.3,4.1,3.2,5.9,4.7,9.1,6.4,8.7,23,33.0
434,Yinhe Moon Speed,8.6,8.0,7.8,2.4,5.1,4.1,7.2,4.1,8.3,7.1,8.7,18,20.0
435,Friendship/729 729,8.1,9.1,8.4,6.7,5.9,6.5,5.8,5.8,6.1,6.8,8.6,22,10.0
436,Nittaku Magic Carbon,7.8,8.0,8.8,2.8,4.5,4.8,5.8,5.1,8.8,7.2,8.6,14,25.0
437,TSP Rise Speed,8.6,8.1,8.9,1.6,2.5,5.0,7.8,7.6,10.0,6.8,8.6,11,55.0
438,DHS G555,7.4,8.9,8.5,7.9,6.4,6.7,5.1,4.3,6.7,7.8,8.6,23,15.0
439,Stiga Neos Sound SynergyTech,8.5,8.6,8.3,1.3,2.3,2.3,7.6,4.0,8.3,5.7,8.6,10,45.0
440,Andro Plasma 430,8.7,8.7,8.4,0.8,1.9,2.3,7.8,6.9,9.3,5.9,8.6,26,47.0
441,Yasaka Pryde 40,9.2,8.6,7.4,3.7,4.0,6.2,6.7,5.0,7.0,5.3,8.6,14,45.0
442,Friendship/729 Higher 3,8.1,8.7,8.4,5.5,4.9,5.7,6.2,5.8,8.9,6.0,8.6,12,14.0
443,Stiga Airoc Astro M,9.0,8.6,8.5,3.1,5.8,5.7,5.8,4.8,7.8,6.0,8.6,12,60.0
444,999 Super 999T,7.5,9.0,9.0,8.9,7.2,7.3,7.3,4.9,7.3,6.9,8.6,54,11.0
445,Butterfly Roundell,8.7,8.6,8.7,2.6,4.2,3.9,6.1,5.5,8.3,6.3,8.6,28,48.0
446,Loki RXTON 3,8.2,8.6,8.7,5.7,5.6,7.2,6.3,5.1,8.6,6.1,8.6,12,18.0
447,Andro Roxon 330,8.1,8.9,8.6,1.7,2.2,0.3,6.4,4.5,9.2,6.4,8.6,19,49.0
448,Yinhe Saturn Pro,8.5,9.0,8.8,5.5,4.4,5.8,7.3,4.9,8.9,5.7,8.6,12,20.0
449,Butterfly Sriver L,8.2,8.1,8.9,2.7,5.2,6.1,7.8,4.2,9.3,7.8,8.6,24,28.0
450,Andro Revo Fire,8.3,8.3,8.5,2.4,3.8,4.6,6.0,5.2,10.0,6.6,8.6,12,45.0
451,Sanwei Gears,7.7,8.8,9.3,5.2,4.5,3.7,8.9,5.4,7.5,7.0,8.6,14,16.0
452,KTL (LKT) Pro XP,7.5,8.6,9.0,4.8,2.6,2.1,5.1,5.0,8.0,7.1,8.6,39,14.0
453,Adidas TenZone SF,8.8,8.8,8.2,0.7,5.7,5.0,7.5,6.7,7.7,6.8,8.6,14,79.0
454,DHS Hurricane 3 (No. 19 Sponge),7.7,9.2,9.0,8.1,6.5,6.8,7.0,6.9,5.5,7.9,8.6,22,18.0
455,Andro Roxon 450,9.2,7.8,8.0,1.4,4.0,3.9,7.5,3.5,8.5,5.8,8.6,15,49.0
456,Stiga Magna,8.4,8.7,8.1,4.0,4.6,5.6,5.2,4.9,8.1,6.3,8.6,15,37.0
457,Tibhar Nimbus,9.1,8.6,8.0,3.4,4.5,5.1,6.3,5.1,6.3,5.3,8.6,26,55.0
458,Yinhe Apollo,8.1,9.0,8.4,7.6,6.1,5.9,7.2,6.4,6.0,5.4,8.6,21,20.0
459,Stiga DNA Platinum M,8.9,8.8,8.1,1.1,5.1,6.1,6.7,5.3,8.6,7.3,8.6,11,65.0
460,Adidas P3,8.7,8.4,8.4,1.8,3.1,4.2,7.9,5.0,8.1,7.0,8.6,18,70.0
461,Loki RXTON 5,8.6,8.7,8.6,5.3,5.9,8.4,7.0,3.5,9.3,7.4,8.5,27,19.0
462,Sauer & Troger Secret Flow Chop,7.3,9.1,9.5,5.9,3.7,4.0,7.7,5.1,10.0,7.8,8.5,10,32.0
463,Dawei Inspirit Quattro,8.7,8.1,8.0,2.4,6.5,4.3,5.8,3.7,8.3,7.4,8.5,29,14.0
464,JOOLA 4 You,6.7,7.2,8.9,0.4,3.4,3.3,5.1,5.3,7.2,6.2,8.5,11,20.0
465,Donic Desto F3,7.3,8.4,8.4,1.6,3.6,1.2,5.4,4.5,9.1,5.6,8.5,19,39.0
466,Tibhar Genius+ Optimum Sound,8.8,8.8,8.3,1.3,3.0,1.5,7.5,4.8,9.2,6.6,8.5,18,57.0
467,Nittaku Flyatt Soft,8.5,8.2,8.9,0.9,2.7,2.4,7.3,4.2,10.0,7.9,8.5,11,46.0
468,Palio CJ8000 36-38°,8.0,8.3,8.8,4.1,5.0,4.4,4.7,4.5,8.0,6.9,8.5,12,40.0
469,Butterfly Sriver FX,7.9,8.1,8.6,2.7,3.5,2.6,7.1,4.8,8.4,7.1,8.5,69,40.0
470,Butterfly Sriver EL,7.8,7.8,8.5,2.6,4.0,3.9,6.9,4.4,9.2,7.1,8.5,65,33.0
471,Friendship/729 GeoSpin Tacky,7.2,9.1,8.5,7.0,4.2,5.6,5.0,5.0,8.7,6.4,8.5,40,14.0
472,JOOLA Air! ROSnet,8.9,8.0,8.1,2.0,2.7,3.1,7.0,4.6,8.8,6.3,8.5,10,25.0
473,Friendship/729 Higher,8.1,8.9,8.5,6.6,5.6,5.9,5.9,5.2,7.5,7.8,8.5,44,14.0
474,Friendship/729 Sky Wing,7.4,8.3,8.7,5.5,2.6,2.5,5.3,4.8,9.0,6.2,8.5,17,14.0
475,SpinLord Marder,6.2,8.0,8.9,3.0,3.8,3.1,4.8,3.1,8.5,6.3,8.5,17,20.0
476,JOOLA Samba,7.7,8.7,9.0,2.4,3.2,0.6,7.0,5.4,8.1,6.9,8.5,11,38.0
477,DHS Hurricane 3 (H3),8.1,8.9,8.7,8.2,7.0,8.5,7.4,5.4,6.8,7.7,8.5,142,22.0
478,Haifu Blue Whale III (3) (Tuned),7.5,8.8,7.7,6.2,5.5,6.7,6.8,5.9,5.4,5.6,8.5,20,40.0
479,Butterfly Sriver,8.0,8.0,8.5,2.4,4.4,5.4,7.4,3.9,9.1,7.6,8.5,102,35.0
480,Gambler Reflectoid,5.3,7.9,8.7,7.3,2.3,1.7,5.9,4.3,9.1,7.0,8.5,24,14.0
481,Air Illumina,8.3,8.5,8.5,3.2,3.8,4.4,7.0,4.3,10.0,6.2,8.5,10,16.0
482,Donic Slice 40,6.0,8.5,9.0,1.6,1.8,3.3,4.5,2.9,8.2,8.0,8.5,13,44.0
483,Giant Dragon Submarine,6.4,8.2,9.3,5.5,4.1,3.9,6.4,4.1,9.1,7.5,8.5,18,15.99
484,Butterfly Tackiness Drive,6.9,8.4,8.9,5.5,4.2,4.9,6.7,5.1,9.8,8.6,8.5,43,50.0
485,Globe 999,7.9,9.0,8.7,6.1,5.5,6.8,6.3,4.8,7.8,7.6,8.4,37,30.0
486,Yasaka Mark V GPS,7.5,7.9,8.3,3.9,3.4,3.3,6.3,4.7,9.4,7.6,8.4,12,30.0
487,Palio Hadou Biotech,8.8,9.2,8.8,7.2,6.3,7.2,7.8,6.7,5.7,3.5,8.4,13,10.0
488,SpinLord Marder II,7.3,8.3,8.8,3.5,3.9,5.0,6.8,4.1,8.2,5.7,8.4,19,25.0
489,Giant Dragon TopENERGY Soft,7.8,9.4,7.9,4.8,6.7,6.8,7.0,5.8,9.1,6.3,8.4,13,25.0
490,DHS G888,8.1,8.8,8.4,7.8,6.8,7.6,6.8,5.1,7.4,7.3,8.4,49,20.0
491,XuShaoFa 999 LSZ,8.5,9.1,9.0,6.1,4.6,6.6,6.8,6.6,7.4,7.0,8.4,31,4.0
492,Kokutaku 868,8.2,8.3,8.6,5.9,3.6,4.2,6.5,4.7,8.6,7.8,8.4,14,12.0
493,DHS Hurricane 3-50 Soft,8.1,8.9,8.8,8.1,4.8,2.8,6.5,4.7,8.5,6.7,8.4,13,40.0
494,Stiga DNA Pro H,8.8,8.6,8.4,1.9,6.2,8.4,7.3,6.2,8.6,7.1,8.4,13,55.0
495,Stiga Chop & Drive,6.3,8.9,8.8,6.1,4.5,4.4,6.2,5.2,8.8,7.4,8.4,19,25.0
496,Butterfly Tackiness Chop,5.5,9.0,8.5,5.7,3.7,2.0,5.6,6.2,9.2,7.0,8.4,33,35.0
497,Stiga Mendo MP,8.4,8.0,7.7,0.9,4.2,5.6,5.4,1.6,7.8,4.4,8.4,13,33.0
498,Yinhe Mars V2,8.3,8.3,8.6,2.2,5.1,5.1,5.6,4.4,8.4,6.5,8.4,33,13.0
499,Reactor Corbor,7.0,8.6,8.9,6.9,5.8,6.5,5.8,5.4,8.2,7.0,8.4,39,5.0
500,Butterfly Sapphira,8.2,8.5,8.1,2.6,6.0,3.4,6.6,5.2,9.2,7.3,8.4,12,32.0
501,Butterfly Sriver G3,8.4,8.2,8.7,3.0,4.4,5.1,7.9,4.9,8.8,7.2,8.4,39,57.0
502,Friendship/729 Cream Transcend,7.9,8.2,8.5,4.9,4.7,5.5,6.8,4.0,8.1,7.4,8.4,61,10.0
503,KTL (LKT) Rapid Soft,7.1,8.1,8.4,4.7,2.1,1.2,4.0,3.9,9.0,7.2,8.4,19,11.0
504,Haifu Blue Whale II (2) (Tuned),8.5,7.9,8.5,3.5,5.7,6.6,7.0,3.4,5.7,6.3,8.4,11,39.0
505,JOOLA Topspin C,6.4,9.2,9.1,6.8,3.7,3.6,4.9,3.6,10.0,7.4,8.4,10,27.0
506,Donic Acuda Blue P3,8.2,8.5,9.1,2.2,4.0,1.3,5.9,4.0,7.9,6.0,8.4,10,54.0
507,Sanwei T88-I,8.1,8.4,8.4,4.5,8.9,7.9,7.8,7.4,7.4,7.0,8.4,39,20.0
508,Butterfly Super Anti (Anti-spin),4.4,2.6,6.4,0.0,2.8,1.6,1.6,0.7,8.5,7.1,8.4,19,41.0
509,Butterfly Sriver G2 FX,7.9,8.2,8.4,1.9,3.9,2.4,7.8,3.1,8.7,8.1,8.4,27,56.0
510,Butterfly Tackifire Drive,7.6,8.7,8.2,5.0,4.5,4.4,6.7,4.7,8.9,6.4,8.4,13,41.0
511,Stiga Optimum MP,8.6,8.2,7.7,2.4,4.3,5.0,3.6,4.4,10.0,7.0,8.4,10,38.0
512,61 Second Lightning DS LST,6.9,8.6,8.6,8.3,3.3,4.8,6.1,4.7,7.5,6.3,8.4,10,12.0
513,Xiom Vega Elite,8.1,8.0,8.4,1.1,2.4,0.8,6.8,3.9,8.9,6.7,8.4,32,36.0
514,Kokutaku Blutenkirsche 868 Tokyo,8.3,8.2,8.5,2.3,4.3,4.3,5.8,4.8,8.9,6.5,8.4,16,12.0
515,Butterfly Bryce FX,8.6,8.2,8.2,1.5,4.3,2.8,6.1,3.8,7.9,5.1,8.4,24,45.0
516,Donic Akkadi Taichi,6.8,8.8,8.4,5.4,4.7,6.3,6.6,4.6,8.8,6.7,8.3,17,20.0
517,Donic Vario,7.7,7.3,8.5,2.0,4.0,5.0,6.5,3.3,9.4,7.2,8.3,12,32.0
518,Xiom Musa,7.4,8.2,8.6,2.0,3.6,4.2,5.7,4.0,9.1,8.4,8.3,19,30.0
519,DHS PF4 40+,7.5,8.4,8.4,7.3,6.2,7.5,6.3,3.8,7.5,5.9,8.3,25,10.0
520,Xiom Vega China VM,8.5,9.0,7.8,5.3,6.2,8.4,6.7,6.2,8.1,7.3,8.3,12,45.0
521,DHS Memo 3,8.0,8.1,8.1,4.0,6.0,7.9,5.9,5.3,8.6,6.3,8.3,12,14.0
522,Friendship/729 SP Transcend,7.9,8.9,8.4,7.8,5.5,6.8,6.1,6.2,6.3,7.3,8.3,22,14.0
523,Reactor Ckylin New (Blue Sponge),8.0,8.0,8.3,5.0,4.0,3.1,4.0,3.0,9.0,5.8,8.3,10,11.0
524,Stiga Innova Ultra Light,8.2,8.2,8.8,1.5,1.3,1.6,6.6,3.1,8.8,5.9,8.3,21,30.0
525,Xiom Vega Euro DF,8.3,8.8,8.4,0.9,2.7,1.7,4.9,5.8,8.9,6.4,8.3,17,37.0
526,Xiom Vega Intro,7.7,8.0,8.8,1.2,4.0,5.8,5.3,4.2,7.5,7.3,8.3,14,28.0
527,Stiga Calibra Tour S,8.7,8.3,8.4,0.4,2.5,2.7,7.0,3.2,7.5,5.6,8.3,13,55.0
528,Yasaka Rakza X Soft,8.3,8.6,8.6,1.5,4.4,2.6,6.4,5.5,9.2,7.6,8.3,25,50.0
529,Donic Quattro Formula,7.9,8.2,7.8,1.8,3.6,1.2,5.0,6.4,8.1,5.5,8.3,13,45.95
530,Yinhe Apollo III,8.2,9.2,8.7,8.6,6.9,5.9,6.6,6.3,7.5,6.3,8.3,11,19.0
531,Friendship/729 Xi EnTing,8.0,8.7,8.5,5.0,4.2,5.3,5.3,4.0,8.0,7.1,8.3,10,14.0
532,Kokutaku BLutenkirsche 868 Tokyo Super Tacky Japanese,7.5,8.8,8.5,7.6,4.8,6.0,6.6,6.8,7.0,5.6,8.3,10,10.0
533,KTL (LKT) Rapid Sound,7.7,8.2,8.7,3.0,3.2,3.7,5.3,4.0,8.1,7.7,8.3,13,14.0
534,Palio CJ8000 2-Side Loop,7.2,7.9,8.4,3.1,5.5,4.2,3.6,5.5,6.4,5.4,8.3,10,8.0
535,Tibhar Rapid Soft,6.0,6.7,6.7,3.8,4.8,2.6,4.6,3.6,7.3,5.6,8.3,16,35.0
536,Yinhe Moon 12,8.2,8.0,8.2,1.8,4.8,6.4,6.0,4.3,8.3,7.7,8.3,10,18.0
537,Palio CJ8000 38-41°,8.1,8.1,8.3,5.8,4.6,6.0,5.5,4.8,8.1,6.8,8.3,10,16.0
538,Donic Coppa JO Platin Soft,8.8,8.1,7.4,1.8,4.0,2.3,6.3,4.1,6.1,4.5,8.2,16,40.0
539,Gambler Outlaw (Tuned),8.8,8.1,8.0,1.6,3.4,5.0,7.5,4.3,8.6,3.2,8.2,40,14.0
540,Donic Bluestorm Z3,8.5,8.5,8.6,2.6,3.8,2.6,6.8,4.1,8.2,5.2,8.2,17,40.0
541,Yasaka Pryde,8.5,8.0,7.4,3.3,4.6,4.7,5.7,5.1,6.4,4.2,8.2,23,37.0
542,Sanwei Ultraspin T88,8.3,8.1,8.2,3.2,5.3,5.9,5.8,3.8,7.3,5.8,8.2,12,15.0
543,Nittaku Best Anti (Anti-spin),3.9,2.5,9.1,0.0,2.7,3.9,4.0,2.0,7.1,7.3,8.2,11,24.0
544,Friendship/729 Super FX Blue Sponge,7.4,8.2,8.8,6.3,5.9,6.7,4.7,4.1,7.7,7.5,8.2,20,13.0
545,KTL (LKT) Pro XT,7.3,8.6,8.8,6.8,2.1,2.3,5.6,5.9,7.9,6.0,8.2,38,14.0
546,Friendship/729 Focus 1,6.9,8.5,8.9,5.1,5.5,4.7,6.1,5.2,9.1,7.9,8.2,19,14.0
547,Stiga Mendo,7.4,7.7,8.0,1.8,4.0,4.0,6.7,4.4,7.5,7.1,8.2,12,30.0
548,KTL (LKT) Black Power,8.3,7.8,8.0,3.3,5.2,7.0,6.7,2.7,6.7,5.8,8.2,12,14.0
549,GKI Euro-XX,7.6,7.4,7.4,2.9,4.9,6.1,5.0,4.0,6.0,6.8,8.2,17,16.0
550,Stiga Mendo Energy,7.7,7.9,8.1,4.4,3.4,2.7,7.3,2.9,7.5,7.3,8.2,11,28.0
551,Stiga Innova Ultra Light SynergyTech,7.9,7.9,8.4,2.6,1.3,2.3,4.6,4.0,8.5,5.9,8.2,24,35.0
552,CTT National Strike,7.3,8.6,8.4,6.2,2.5,3.3,5.7,2.8,7.0,6.5,8.2,10,14.0
553,Yinhe 9000D,7.2,8.5,8.4,8.2,4.0,4.4,6.0,3.3,8.3,7.5,8.2,10,5.0
554,Dawei 2008 XP (Super Power),8.0,8.1,8.3,4.3,6.8,6.9,5.9,4.5,7.4,8.2,8.2,37,9.0
555,Loki RXTON I,7.5,8.0,8.7,3.6,4.3,6.7,6.1,4.0,8.5,7.2,8.1,16,6.0
556,Friendship/729 FX Lightening (Lightning),7.4,8.2,8.5,5.3,3.1,4.4,5.2,4.0,6.7,6.0,8.1,17,20.0
557,Sanwei T88-III,8.0,8.4,8.7,4.5,5.5,5.3,5.9,5.5,6.0,7.1,8.1,14,8.0
558,DHS PF4,6.6,8.2,8.1,6.3,6.0,8.1,5.3,5.4,7.7,6.4,8.1,24,14.0
559,Nittaku Hammond Pro Alpha,9.0,7.4,7.5,2.1,3.7,4.3,6.5,2.7,9.1,6.0,8.1,14,38.0
560,Friendship/729 Super FX,7.2,8.4,8.5,6.7,5.2,6.4,5.6,4.0,8.2,7.3,8.1,87,15.0
561,Stiga Evo,8.0,7.6,8.4,2.0,3.6,4.3,6.4,4.8,8.5,7.0,8.1,17,25.0
562,JOOLA Mambo,8.1,8.0,8.2,2.4,2.8,4.4,5.9,4.2,7.5,7.4,8.1,14,37.0
563,Xiom Yanus DF,7.8,8.4,8.6,1.0,2.7,2.0,8.7,7.1,7.5,4.1,8.1,13,41.0
564,Globe 999T,7.8,8.6,7.8,7.3,6.6,7.3,4.9,4.3,9.2,6.1,8.1,10,10.0
565,JOOLA Samba+,7.7,8.4,8.4,1.8,2.7,1.6,6.0,6.2,9.4,6.6,8.1,16,54.95
566,Stiga DNA Dragon Grip,8.4,9.0,8.9,5.4,6.0,8.5,6.4,5.8,8.6,3.1,8.1,10,60.0
567,Friendship/729 40S,7.3,7.7,8.7,6.3,5.3,5.5,5.2,5.3,6.7,7.0,8.0,10,14.0
568,KTL (LKT) Torrent,7.4,8.3,8.2,4.9,3.9,3.3,4.2,3.6,5.5,5.9,8.0,16,14.0
569,Tibhar Volcano,7.2,7.2,8.0,2.7,4.4,4.9,6.3,4.0,8.1,6.1,8.0,17,24.0
570,Friendship/729 Focus 3,7.2,7.8,8.0,1.8,4.1,1.6,4.4,4.0,8.6,6.1,8.0,15,14.0
571,Friendship/729 General (Cross sponge),7.5,7.9,8.7,5.9,4.6,6.9,5.6,4.0,7.7,7.8,8.0,24,6.0
572,DHS Skyline TG2 (No. 19 Sponge),7.9,8.4,8.0,7.0,7.0,6.9,7.7,7.0,6.0,7.4,8.0,12,15.0
573,Andro Impuls Speed,7.5,7.9,8.3,1.1,2.8,1.7,6.3,5.5,8.5,4.1,7.9,14,44.0
574,Yinhe Venus,8.0,8.2,8.3,3.5,4.8,4.7,5.8,4.4,5.0,5.4,7.9,17,16.0
575,Tibhar Torpedo,8.6,8.2,8.0,3.7,5.6,6.0,7.3,5.7,6.9,4.1,7.9,10,28.0
576,DHS Skyline TG2,7.5,8.6,8.5,7.1,6.4,7.7,6.8,4.8,6.3,7.9,7.9,21,17.0
577,Friendship/729 804 (Anti-spin),5.0,3.6,8.5,0.3,3.9,3.2,2.3,1.4,7.9,7.9,7.8,23,10.0
578,Donic Liga,6.3,6.6,9.0,3.8,3.4,3.4,4.9,3.9,8.9,8.3,7.8,21,27.0
579,Dawei 2008 (Super Power),7.5,7.6,8.3,3.8,6.0,5.8,5.0,4.0,6.3,7.3,7.8,10,8.0
580,Butterfly Flextra,7.0,7.4,8.7,2.6,2.7,2.5,5.4,3.7,9.1,6.7,7.8,58,20.0
581,Butterfly Bryce,9.0,7.5,6.9,2.0,4.7,5.5,5.5,3.1,7.9,6.0,7.8,31,42.0
582,Yasaka Mark V AD,7.7,7.9,8.1,0.2,4.4,2.7,6.3,3.8,7.8,6.9,7.8,14,30.0
583,KTL (LKT) Red Diamond (Golden Cake Sponge),8.0,8.3,8.6,6.0,4.3,5.8,7.0,4.0,9.2,3.5,7.7,11,14.0
584,Butterfly Tackifire C,6.8,8.8,8.9,7.3,6.5,7.3,6.0,5.0,6.8,6.2,7.5,15,52.0
585,Butterfly Yuki,6.5,7.0,8.0,6.6,4.4,4.5,3.3,3.7,8.8,7.0,7.5,14,10.0
586,Friendship/729 FX EL Super Soft,6.6,8.0,8.6,5.1,3.2,2.7,4.5,3.8,8.6,7.0,7.4,42,12.0
587,Stiga Neos Sound,8.4,7.2,7.8,2.7,2.4,2.3,4.2,3.4,7.9,6.5,7.4,16,37.0
588,Stiga China Extreme,7.0,9.2,7.9,7.8,5.4,6.6,7.0,4.7,8.1,5.6,7.4,12,29.0
589,Stiga Cobra 2000,6.7,7.3,8.5,2.0,3.7,3.9,4.0,3.1,7.3,5.6,7.1,13,25.0
590,Stiga Drive,6.2,6.3,7.6,4.7,5.0,5.9,5.5,4.0,6.4,5.8,7.1,10,0.0
591,Butterfly Pan Asia,6.5,6.8,8.2,2.1,2.0,1.9,5.1,4.1,8.1,4.8,6.8,17,10.0
592,Butterfly Addoy,5.1,5.3,8.0,1.1,2.4,3.5,2.8,1.1,5.4,5.8,6.5,17,5.0
593,Butterfly Wakaba,5.3,5.3,7.0,0.6,3.3,2.3,4.0,0.3,7.5,4.5,5.8,12,30.0
